{"_timestamp":1.77720716073897e+09,"_runtime":1935,"Log Odds":-0.3023308915770267,"Log Odds Ratio":-0.8556948716932825,"_wandb":{"runtime":1935},"Positive Geometric Mean":-1.0259067357512954,"_step":0,"train/global_step":0,"Negative Geometric Mean":-0.8427299703264095}