{"Negative Geometric Mean":-1.944749719956342,"_wandb":{"runtime":48908},"_runtime":48908,"Positive Geometric Mean":-1.5310848460477942,"Log Odds":0.5030507747580736,"_step":15,"_timestamp":1.7766742885156424e+09,"Log Odds Ratio":-0.4729262859812667,"train/global_step":0}