{"Positive Geometric Mean":-1.0259067357512954,"_step":0,"Log Odds":-0.3023308915770267,"train/global_step":0,"_runtime":382,"_wandb":{"runtime":382},"Log Odds Ratio":-0.8556948716932825,"Negative Geometric Mean":-0.8427299703264095,"_timestamp":1.777206179016903e+09}