{"train/global_step":0,"_timestamp":1.7772047351040578e+09,"Log Odds Ratio":-0.8556948716932825,"_runtime":350,"Positive Geometric Mean":-1.0259067357512954,"_wandb":{"runtime":350},"_step":0,"Negative Geometric Mean":-0.8427299703264095,"Log Odds":-0.3023308915770267}