{"Log Odds Ratio":-0.6242867254102507,"_step":0,"Positive Geometric Mean":-3.78273868560791,"_runtime":950,"Log Odds":0.14281566100670393,"_timestamp":1.7766266726850317e+09,"train/global_step":0,"Negative Geometric Mean":-3.922520672833478,"_wandb":{"runtime":950}}