{"train/global_step":130,"Positive Geometric Mean":-2.0650696754455566,"train_loss":13.991331129807692,"_step":1002,"total_flos":8.104285569024e+15,"_wandb":{"runtime":816},"Log Odds":-0.38221684098243713,"_timestamp":1.7775266015967216e+09,"train/epoch":10,"Alpha (lambda)":0.49998775124549866,"Sequence Log Odds":0.25328314304351807,"Log Odds Ratio":-0.9024067521095276,"_runtime":816,"train/loss":13.9537890625,"train_runtime":815.3178,"Token Log Odds":-0.7676717042922974,"train_steps_per_second":0.159,"Beta (hybrid weight)":0.6224564909934998,"train/grad_norm":2.567486524581909,"Negative Geometric Mean":-2.2895686626434326,"train/learning_rate":9.900000000000001e-08,"train_samples_per_second":1.227}