{"train_samples_per_second":0.391,"total_flos":4.3855399354368e+16,"train/epoch":10,"train_steps_per_second":0.051,"_step":1002,"train_loss":11.130784254807692,"_runtime":2558,"Log Odds Ratio":-0.42445921897888184,"_wandb":{"runtime":2558},"Log Odds":0.6372138261795044,"train/loss":11.1096875,"train/learning_rate":9.900000000000001e-08,"train/global_step":130,"train_runtime":2557.5968,"Alpha (lambda)":0.49998772144317627,"Sequence Log Odds":0.3499152362346649,"Negative Geometric Mean":-1.7794533967971802,"Beta (hybrid weight)":0.6224564909934998,"Positive Geometric Mean":-1.4978406429290771,"Token Log Odds":0.8114713430404663,"train/grad_norm":3.9697673320770264,"_timestamp":1.777881565787631e+09}