{"train/global_step":10,"Token Log Odds":0.339308500289917,"train_steps_per_second":0.153,"train_samples_per_second":0.306,"_step":20,"train_runtime":65.2759,"train_loss":2.08125,"Negative Geometric Mean":-0.9696415662765503,"_wandb":{"runtime":66},"total_flos":8.7710798708736e+14,"Log Odds":0.2115793079137802,"_timestamp":1.7778786714929347e+09,"Log Odds Ratio":-0.5929428339004517,"Positive Geometric Mean":-0.9690274000167847,"Sequence Log Odds":0.000989466905593872,"Alpha (lambda)":0.5,"train/epoch":10,"Beta (hybrid weight)":0.622459352016449,"_runtime":66}