{"Log Odds":0.12255589108425213,"train/epoch":0.20822054720359806,"_wandb":{"runtime":19953},"_runtime":19953,"Negative Geometric Mean":-1.4903088314995092,"train/global_step":1250,"train/learning_rate":1.249e-06,"_timestamp":1.777228916604471e+09,"_step":10150,"train/loss":18.736640625,"Positive Geometric Mean":-1.3967052781438254,"Log Odds Ratio":-0.6337455545042645,"train/grad_norm":1.9854538440704346}