{"Positive Geometric Mean":-2.0679962635040283,"total_flos":8.104285569024e+15,"Log Odds Ratio":-0.8858689665794373,"train/epoch":10,"Log Odds":-0.3542355000972748,"train_loss":13.99286358173077,"Alpha (lambda)":0.49998775124549866,"train/learning_rate":9.900000000000001e-08,"train/global_step":130,"train_samples_per_second":1.226,"_runtime":816,"Beta (hybrid weight)":0.6224564909934998,"Token Log Odds":-0.7266218662261963,"Sequence Log Odds":0.2597184479236603,"train/grad_norm":2.5749404430389404,"train_runtime":815.6868,"Negative Geometric Mean":-2.298367738723755,"_step":1002,"train/loss":13.955390625,"_timestamp":1.777525355326769e+09,"_wandb":{"runtime":816},"train_steps_per_second":0.159}