{"_runtime":20789,"total_flos":2.10711424794624e+17,"_wandb":{"runtime":20789},"Alpha (lambda)":0.49266138672828674,"Log Odds Ratio":-0.812557578086853,"Positive Geometric Mean":-1.0346367359161377,"Log Odds":-0.22607077658176422,"train_runtime":20788.7423,"train_loss":13.193180288461539,"train/loss":12.00890625,"_step":26065,"Beta (hybrid weight)":0.6208086013793945,"train/learning_rate":3.2490000000000006e-06,"train_steps_per_second":0.156,"Token Log Odds":-0.32371705770492554,"train/global_step":3250,"train/grad_norm":1.1637400388717651,"train/epoch":10,"Sequence Log Odds":-0.06620520353317261,"Negative Geometric Mean":-0.9924630522727966,"_timestamp":1.7775478178831322e+09,"train_samples_per_second":1.251}