{"Token Log Odds":1.4780774116516113,"_step":23,"train/global_step":0,"_runtime":62,"Beta (hybrid weight)":0.622459352016449,"_timestamp":1.7778789247822948e+09,"Log Odds":1.0320992469787598,"Positive Geometric Mean":-0.257328063249588,"Sequence Log Odds":0.2968055307865143,"Negative Geometric Mean":-0.33280760049819946,"Alpha (lambda)":0.5,"_wandb":{"runtime":62},"Log Odds Ratio":-0.3047296404838562}